Waktu,Konsentrasi_NO2 (mol/mÂ²)
2025-08-01 00:00:00,0.0014363502971184061
2025-08-01 01:00:00,0.0028767857660247907
2025-08-01 02:00:00,0.002329984854528513
2025-08-01 03:00:00,0.0019966462104925916
2025-08-01 04:00:00,0.0008900466011060914
2025-08-01 05:00:00,0.0008899863008405066
2025-08-01 06:00:00,0.0006452090304204987
2025-08-01 07:00:00,0.002665440364437338
2025-08-01 08:00:00,0.002002787529358022
2025-08-01 09:00:00,0.0022701814444901136
2025-08-01 10:00:00,0.0005514612357395061
2025-08-01 11:00:00,0.002924774630404986
2025-08-01 12:00:00,0.0025811066020010546
2025-08-01 13:00:00,0.0010308477766956905
2025-08-01 14:00:00,0.0009545624180177515
2025-08-01 15:00:00,0.0009585112746335845
2025-08-01 16:00:00,0.0012606056073988445
2025-08-01 17:00:00,0.0018118910790805947
2025-08-01 18:00:00,0.0015798625466052895
2025-08-01 19:00:00,0.0012280728504951047
2025-08-01 20:00:00,0.002029632236805949
2025-08-01 21:00:00,0.0008487346516301046
2025-08-01 22:00:00,0.0012303616213380454
2025-08-01 23:00:00,0.0014159046082342294
2025-08-02 00:00:00,0.0016401749605425898
2025-08-02 01:00:00,0.002462939903482534
2025-08-02 02:00:00,0.0009991844553958993
2025-08-02 03:00:00,0.001785586096034029
2025-08-02 04:00:00,0.0019810364221551063
2025-08-02 05:00:00,0.0006161260317999943
2025-08-02 06:00:00,0.002018862129753596
2025-08-02 07:00:00,0.0009263103092182288
2025-08-02 08:00:00,0.0006626289824631989
2025-08-02 09:00:00,0.0028722138431333333
2025-08-02 10:00:00,0.0029140800826863984
2025-08-02 11:00:00,0.002520993370291153
2025-08-02 12:00:00,0.0012615344229334267
2025-08-02 13:00:00,0.0007441802850159597
2025-08-02 14:00:00,0.0022105825662803924
2025-08-02 15:00:00,0.0016003812343490032
2025-08-02 16:00:00,0.0008050955871119471
2025-08-02 17:00:00,0.0017379422752781756
2025-08-02 18:00:00,0.000585971302788046
2025-08-02 19:00:00,0.0027733010051969554
2025-08-02 20:00:00,0.0011469499540000423
2025-08-02 21:00:00,0.002156305710884955
2025-08-02 22:00:00,0.0012792776902235273
2025-08-02 23:00:00,0.001800170052944527
2025-08-03 00:00:00,0.0018667756983581992
2025-08-03 01:00:00,0.0009621361388138176
2025-08-03 02:00:00,0.0029239615694113966
2025-08-03 03:00:00,0.0024378320584027865
2025-08-03 04:00:00,0.002848747353910473
2025-08-03 05:00:00,0.002737068376069122
2025-08-03 06:00:00,0.001994749947027713
2025-08-03 07:00:00,0.0028046855875577923
2025-08-03 08:00:00,0.0007212312551297987
2025-08-03 09:00:00,0.000989957156047863
2025-08-03 10:00:00,0.0006130682222763451
2025-08-03 11:00:00,0.001313325826908161
2025-08-03 12:00:00,0.0014716932242237052
2025-08-03 13:00:00,0.0011783725794347398
2025-08-03 14:00:00,0.0025718437728798234
2025-08-03 15:00:00,0.0013918833167339733
2025-08-03 16:00:00,0.0012023362742184518
2025-08-03 17:00:00,0.0018567402078956212
2025-08-03 18:00:00,0.0008523105624369066
2025-08-03 19:00:00,0.002505492451885099
2025-08-03 20:00:00,0.0006863766091994271
2025-08-03 21:00:00,0.0029672173415012932
2025-08-03 22:00:00,0.0024306119232416438
2025-08-03 23:00:00,0.000996789203835431
2025-08-04 00:00:00,0.000513805292809006
2025-08-04 01:00:00,0.0025386535711370856
2025-08-04 02:00:00,0.002267143359619043
2025-08-04 03:00:00,0.0023225179201024682
2025-08-04 04:00:00,0.0024281758667148642
2025-08-04 05:00:00,0.0006851116293352259
2025-08-04 06:00:00,0.0013961643213606816
2025-08-04 07:00:00,0.0007896726488128244
2025-08-04 08:00:00,0.002657758564688984
2025-08-04 09:00:00,0.002058245317068895
2025-08-04 10:00:00,0.001327245062131623
2025-08-04 11:00:00,0.0006588958757150591
2025-08-04 12:00:00,0.0012774558042891555
2025-08-04 13:00:00,0.0013129583050668675
2025-08-04 14:00:00,0.0023240154458451603
2025-08-04 15:00:00,0.0020938936783880327
2025-08-04 16:00:00,0.0027180318564408164
2025-08-04 17:00:00,0.0016805373129048732
2025-08-04 18:00:00,0.0007989856148457543
2025-08-04 19:00:00,0.0022831119680574875
2025-08-04 20:00:00,0.0024019626215422436
2025-08-04 21:00:00,0.0019031929939237406
2025-08-04 22:00:00,0.0024274179498864025
2025-08-04 23:00:00,0.001734488990910977
2025-08-05 00:00:00,0.0018068320734549851
2025-08-05 01:00:00,0.001568852545896374
2025-08-05 02:00:00,0.0005635478168602379
2025-08-05 03:00:00,0.0007697285674832611
2025-08-05 04:00:00,0.0005785729642168357
2025-08-05 05:00:00,0.002091026028159451
2025-08-05 06:00:00,0.0012858899526908166
2025-08-05 07:00:00,0.001771426727911757
2025-08-05 08:00:00,0.0027689161848152327
2025-08-05 09:00:00,0.0011232305728721874
2025-08-05 10:00:00,0.0015259573075890743
2025-08-05 11:00:00,0.0023888778463576218
2025-08-05 12:00:00,0.0010719954137290563
2025-08-05 13:00:00,0.0006924497745719824
2025-08-05 14:00:00,0.00122437863228442
2025-08-05 15:00:00,0.000903053218135011
2025-08-05 16:00:00,0.0028242441308564325
2025-08-05 17:00:00,0.0025203009489110422
2025-08-05 18:00:00,0.0020835093912760587
2025-08-05 19:00:00,0.0026786514754692944
2025-08-05 20:00:00,0.002509180192247786
2025-08-05 21:00:00,0.0009664251472150897
2025-08-05 22:00:00,0.0027313974962249444
2025-08-05 23:00:00,0.0018483556047891269
2025-08-06 00:00:00,0.0025186003879101564
2025-08-06 01:00:00,0.002740228249808733
2025-08-06 02:00:00,0.0012950086874296597
2025-08-06 03:00:00,0.0007751298113191919
2025-08-06 04:00:00,0.0010698379063548541
2025-08-06 05:00:00,0.0015677694715656408
2025-08-06 06:00:00,0.002545036914806233
2025-08-06 07:00:00,0.0026518264581408585
2025-08-06 08:00:00,0.0005173803263279768
2025-08-06 09:00:00,0.0017768682564439143
2025-08-06 10:00:00,0.0015435275078719475
2025-08-06 11:00:00,0.0010552695261768258
2025-08-06 12:00:00,0.0007996634183342071
2025-08-06 13:00:00,0.00134403792850907
2025-08-06 14:00:00,0.002857274259781298
2025-08-06 15:00:00,0.001308007330051888
2025-08-06 16:00:00,0.0017969765543584153
2025-08-06 17:00:00,0.0022575473972379447
2025-08-06 18:00:00,0.0014090740059482351
2025-08-06 19:00:00,0.0029294552068024017
2025-08-06 20:00:00,0.0029061182373552783
2025-08-06 21:00:00,0.0011294557395634104
2025-08-06 22:00:00,0.0017431212647309637
2025-08-06 23:00:00,0.0012521957745419243
2025-08-07 00:00:00,0.001212101235943669
2025-08-07 01:00:00,0.000592217368386332
2025-08-07 02:00:00,0.0020239108349497425
2025-08-07 03:00:00,0.0017566975580721538
2025-08-07 04:00:00,0.0006286968781249733
2025-08-07 05:00:00,0.0011966161605915285
2025-08-07 06:00:00,0.0027706647149166345
2025-08-07 07:00:00,0.001098904726667431
2025-08-07 08:00:00,0.0008622371802280578
2025-08-07 09:00:00,0.0017236319006939075
2025-08-07 10:00:00,0.002964126135276502
2025-08-07 11:00:00,0.0011051381787787512
2025-08-07 12:00:00,0.0021803388685146963
2025-08-07 13:00:00,0.0024040490383217938
2025-08-07 14:00:00,0.0010940938599809991
2025-08-07 15:00:00,0.002320540871529649
2025-08-07 16:00:00,0.0014194578317981332
2025-08-07 17:00:00,0.002080764576483949
2025-08-07 18:00:00,0.002083824276902237
2025-08-07 19:00:00,0.0018394367101868963
2025-08-07 20:00:00,0.0007257244251360208
2025-08-07 21:00:00,0.002588256238973095
2025-08-07 22:00:00,0.0013019501624293396
2025-08-07 23:00:00,0.0009662962759996356
2025-08-08 00:00:00,0.0006019378538869098
2025-08-08 01:00:00,0.0019772323579706043
2025-08-08 02:00:00,0.002193910904605706
2025-08-08 03:00:00,0.0005414695723196404
2025-08-08 04:00:00,0.0017802326457482024
2025-08-08 05:00:00,0.001066239437994845
2025-08-08 06:00:00,0.002112931976023625
2025-08-08 07:00:00,0.0009359160725124786
2025-08-08 08:00:00,0.002227344345256165
2025-08-08 09:00:00,0.0014668383657513435
2025-08-08 10:00:00,0.0028418249718418363
2025-08-08 11:00:00,0.0008438023603649831
2025-08-08 12:00:00,0.0013526658776256463
2025-08-08 13:00:00,0.0007836838031014728
2025-08-08 14:00:00,0.002811734045696407
2025-08-08 15:00:00,0.0026933483834524524
2025-08-08 16:00:00,0.001144854069287889
2025-08-08 17:00:00,0.0021499601150854475
2025-08-08 18:00:00,0.0025430555005030394
2025-08-08 19:00:00,0.0018880020289986559
2025-08-08 20:00:00,0.0018241264458900162
2025-08-08 21:00:00,0.0011046307272511292
2025-08-08 22:00:00,0.0007327569195147481
2025-08-08 23:00:00,0.002743039394883317
2025-08-09 00:00:00,0.0027510451429083264
2025-08-09 01:00:00,0.0020827536431831696
2025-08-09 02:00:00,0.0013475744776217519
2025-08-09 03:00:00,0.0013730239365316523
2025-08-09 04:00:00,0.0023148891971755984
2025-08-09 05:00:00,0.0027427756498814427
2025-08-09 06:00:00,0.002717716060662793
2025-08-09 07:00:00,0.0024496888646440597
2025-08-09 08:00:00,0.0021050791153857194
2025-08-09 09:00:00,0.0007103499124876221
2025-08-09 10:00:00,0.0009040717852365344
2025-08-09 11:00:00,0.002746385471317698
2025-08-09 12:00:00,0.002016072649148975
2025-08-09 13:00:00,0.0005229926290415742
2025-08-09 14:00:00,0.0007536788571650803
2025-08-09 15:00:00,0.00215875442277014
2025-08-09 16:00:00,0.0005126539596155467
2025-08-09 17:00:00,0.0009020201285437467
2025-08-09 18:00:00,0.0018718344734164653
2025-08-09 19:00:00,0.0022297379942317333
2025-08-09 20:00:00,0.0021299031487565013
2025-08-09 21:00:00,0.0010606732736513995
2025-08-09 22:00:00,0.0022804480533688398
2025-08-09 23:00:00,0.0010931227187420001
2025-08-10 00:00:00,0.0013134992453981693
2025-08-10 01:00:00,0.0023662285127950605
2025-08-10 02:00:00,0.0021240822476180365
2025-08-10 03:00:00,0.0026230585262354447
2025-08-10 04:00:00,0.0021440322307508582
2025-08-10 05:00:00,0.001920771508338679
2025-08-10 06:00:00,0.0007341869195702312
2025-08-10 07:00:00,0.001419289507648584
2025-08-10 08:00:00,0.0011630059192043137
2025-08-10 09:00:00,0.0011099741084477088
2025-08-10 10:00:00,0.002932526386881114
2025-08-10 11:00:00,0.001482744311666901
2025-08-10 12:00:00,0.0027301163879427832
2025-08-10 13:00:00,0.0020778465649931572
2025-08-10 14:00:00,0.002487028258854121
2025-08-10 15:00:00,0.0017565927327629802
2025-08-10 16:00:00,0.0019422597115658978
2025-08-10 17:00:00,0.0017312942345471599
2025-08-10 18:00:00,0.0009881074694951112
2025-08-10 19:00:00,0.0023061302881537634
2025-08-10 20:00:00,0.0012019309061021394
2025-08-10 21:00:00,0.0005607899160786346
2025-08-10 22:00:00,0.0021136807397679194
2025-08-10 23:00:00,0.0009427766985176224
2025-08-11 00:00:00,0.0028511464608822856
2025-08-11 01:00:00,0.0028848214425064686
2025-08-11 02:00:00,0.0027871609755511216
2025-08-11 03:00:00,0.001425396750638611
2025-08-11 04:00:00,0.0005386415413221686
2025-08-11 05:00:00,0.0028207964064693135
2025-08-11 06:00:00,0.001570460370793286
2025-08-11 07:00:00,0.002916637047609174
2025-08-11 08:00:00,0.002909049942723132
2025-08-11 09:00:00,0.0026325236386684
2025-08-11 10:00:00,0.0012361222301739642
2025-08-11 11:00:00,0.0014627443215048132
2025-08-11 12:00:00,0.0026278416787921424
2025-08-11 13:00:00,0.0012923050128906943
2025-08-11 14:00:00,0.0009237318667152312
2025-08-11 15:00:00,0.0018920031561458755
2025-08-11 16:00:00,0.0028403869354019524
2025-08-11 17:00:00,0.002240074491687433
2025-08-11 18:00:00,0.0019251529252234125
2025-08-11 19:00:00,0.0007429412344269213
2025-08-11 20:00:00,0.0020375180667479243
2025-08-11 21:00:00,0.0029751346252606583
2025-08-11 22:00:00,0.0008502100380913102
2025-08-11 23:00:00,0.0017958241309093419
2025-08-12 00:00:00,0.0026934326798198887
2025-08-12 01:00:00,0.0023519215443855114
2025-08-12 02:00:00,0.0022425393524881697
2025-08-12 03:00:00,0.002256210209967773
2025-08-12 04:00:00,0.001398727878049388
2025-08-12 05:00:00,0.0012339796106612335
2025-08-12 06:00:00,0.002523402888696284
2025-08-12 07:00:00,0.002525283486697952
2025-08-12 08:00:00,0.0026676807964502594
2025-08-12 09:00:00,0.0027831013813911783
2025-08-12 10:00:00,0.0017783559971523445
2025-08-12 11:00:00,0.001753790736717999
2025-08-12 12:00:00,0.002495737947416938
2025-08-12 13:00:00,0.002124909826944413
2025-08-12 14:00:00,0.0022549171931442583
2025-08-12 15:00:00,0.0024894816735902526
2025-08-12 16:00:00,0.002725013354543916
2025-08-12 17:00:00,0.0013449878921288395
2025-08-12 18:00:00,0.00143895738159986
2025-08-12 19:00:00,0.0007349548496021725
2025-08-12 20:00:00,0.001945700352490435
2025-08-12 21:00:00,0.0005898556844918553
2025-08-12 22:00:00,0.0016639950453311504
2025-08-12 23:00:00,0.0018566115867689416
2025-08-13 00:00:00,0.0012163531303207111
2025-08-13 01:00:00,0.001977083151422527
2025-08-13 02:00:00,0.0005762506248476236
2025-08-13 03:00:00,0.000593370471873036
2025-08-13 04:00:00,0.002556501401649146
2025-08-13 05:00:00,0.0014004766035281572
2025-08-13 06:00:00,0.0008176512816297119
2025-08-13 07:00:00,0.001805608150137011
2025-08-13 08:00:00,0.0024249838827465273
2025-08-13 09:00:00,0.001039552568742108
2025-08-13 10:00:00,0.0020572261895475006
2025-08-13 11:00:00,0.00071336866248442
2025-08-13 12:00:00,0.0006292043029215192
2025-08-13 13:00:00,0.00182838657892037
2025-08-13 14:00:00,0.0018515878040252663
2025-08-13 15:00:00,0.0020935747537455165
2025-08-13 16:00:00,0.002315228334306654
2025-08-13 17:00:00,0.0029396301986563365
2025-08-13 18:00:00,0.0017907508707529884
2025-08-13 19:00:00,0.001307391182353115
2025-08-13 20:00:00,0.0024879654869217594
2025-08-13 21:00:00,0.0011770806281551855
2025-08-13 22:00:00,0.0015974285517640903
2025-08-13 23:00:00,0.0006961409533556649
2025-08-14 00:00:00,0.0005633768585386438
2025-08-14 01:00:00,0.002906621036694813
2025-08-14 02:00:00,0.0025899503012805146
2025-08-14 03:00:00,0.002239935515234245
2025-08-14 04:00:00,0.0015223823610356747
2025-08-14 05:00:00,0.0009332358001771144
2025-08-14 06:00:00,0.0008910926066777151
2025-08-14 07:00:00,0.0011256072454114883
2025-08-14 08:00:00,0.0018730666617653012
2025-08-14 09:00:00,0.002286489806750156
2025-08-14 10:00:00,0.0021504934417943284
2025-08-14 11:00:00,0.001199834742364857
2025-08-14 12:00:00,0.0028871632016579853
2025-08-14 13:00:00,0.002344742291739421
2025-08-14 14:00:00,0.0018858851312785016
2025-08-14 15:00:00,0.0020293018655858806
2025-08-14 16:00:00,0.0015490001560694749
2025-08-14 17:00:00,0.0011193274737528937
2025-08-14 18:00:00,0.001389931696628154
2025-08-14 19:00:00,0.002394615276160923
2025-08-14 20:00:00,0.0005359837215743897
2025-08-14 21:00:00,0.0007901816012672906
2025-08-14 22:00:00,0.0006150066050543819
2025-08-14 23:00:00,0.0006018220057974254
2025-08-15 00:00:00,0.002638651460027518
2025-08-15 01:00:00,0.0022591446484500595
2025-08-15 02:00:00,0.001685434572718313
2025-08-15 03:00:00,0.0007445854016275037
2025-08-15 04:00:00,0.001729039687792081
2025-08-15 05:00:00,0.0016836794269514143
2025-08-15 06:00:00,0.000933004674775038
2025-08-15 07:00:00,0.0015846291230949326
2025-08-15 08:00:00,0.0014962618359934336
2025-08-15 09:00:00,0.0020396252451305415
2025-08-15 10:00:00,0.0020877341271691094
2025-08-15 11:00:00,0.0006132600244301113
2025-08-15 12:00:00,0.0014365315365661782
2025-08-15 13:00:00,0.002064649789285591
2025-08-15 14:00:00,0.0017578406464502192
2025-08-15 15:00:00,0.002641224602970806
2025-08-15 16:00:00,0.0021467340790473624
2025-08-15 17:00:00,0.0009073360677035742
2025-08-15 18:00:00,0.0006764218685010746
2025-08-15 19:00:00,0.002106048195515789
2025-08-15 20:00:00,0.0005662782763540546
2025-08-15 21:00:00,0.0019644389531836585
2025-08-15 22:00:00,0.0028505756035623942
2025-08-15 23:00:00,0.0019386854446896975
2025-08-16 00:00:00,0.0014704248155163048
2025-08-16 01:00:00,0.002108220546105883
2025-08-16 02:00:00,0.0016456322262287915
2025-08-16 03:00:00,0.0018640419732898373
2025-08-16 04:00:00,0.0028536620219413128
2025-08-16 05:00:00,0.0014652565945019358
2025-08-16 06:00:00,0.0029029764095597856
2025-08-16 07:00:00,0.0027633766048901593
2025-08-16 08:00:00,0.000989477836973241
2025-08-16 09:00:00,0.0006734032521879137
2025-08-16 10:00:00,0.0007519450034435666
2025-08-16 11:00:00,0.0005455545641288743
2025-08-16 12:00:00,0.0007361074018898211
2025-08-16 13:00:00,0.0022075169335408922
2025-08-16 14:00:00,0.0006779716211505725
2025-08-16 15:00:00,0.0012974390757344032
2025-08-16 16:00:00,0.0026121882774236367
2025-08-16 17:00:00,0.0005581798393395647
2025-08-16 18:00:00,0.0025361712064723395
2025-08-16 19:00:00,0.0012046369369334998
2025-08-16 20:00:00,0.0007954120690541407
2025-08-16 21:00:00,0.002241842913410377
2025-08-16 22:00:00,0.00207235711694971
2025-08-16 23:00:00,0.0026936800338176322
2025-08-17 00:00:00,0.002337677609509714
2025-08-17 01:00:00,0.0025087023259621217
2025-08-17 02:00:00,0.0012050864314282661
2025-08-17 03:00:00,0.000943598859449307
2025-08-17 04:00:00,0.002376536879102146
2025-08-17 05:00:00,0.0025170868481681602
2025-08-17 06:00:00,0.0029762628550016835
2025-08-17 07:00:00,0.0015315441922785663
2025-08-17 08:00:00,0.0014300452144819578
2025-08-17 09:00:00,0.002441032401854992
2025-08-17 10:00:00,0.0013520088506325447
2025-08-17 11:00:00,0.0028268933140089118
2025-08-17 12:00:00,0.0026460318796075297
2025-08-17 13:00:00,0.001572485068437546
2025-08-17 14:00:00,0.0023771776694787436
2025-08-17 15:00:00,0.0023863571852117058
2025-08-17 16:00:00,0.0007578096720898315
2025-08-17 17:00:00,0.002756382266698917
2025-08-17 18:00:00,0.0017631309311196429
2025-08-17 19:00:00,0.0025661436652693543
2025-08-17 20:00:00,0.0013001240025765294
2025-08-17 21:00:00,0.002738808071240501
2025-08-17 22:00:00,0.0014730041968354078
2025-08-17 23:00:00,0.0005270941287007459
2025-08-18 00:00:00,0.0027634549410481594
2025-08-18 01:00:00,0.0007282166919653339
2025-08-18 02:00:00,0.0012982840939760373
2025-08-18 03:00:00,0.0028751549176270126
2025-08-18 04:00:00,0.00287651786734389
2025-08-18 05:00:00,0.0019335947203082153
2025-08-18 06:00:00,0.0020795930304244982
2025-08-18 07:00:00,0.0016211138049457994
2025-08-18 08:00:00,0.0012330269292451612
2025-08-18 09:00:00,0.0013216613634247898
2025-08-18 10:00:00,0.0021812961401925964
2025-08-18 11:00:00,0.0023809363235942
2025-08-18 12:00:00,0.0024789476093146213
2025-08-18 13:00:00,0.0024740453569863847
2025-08-18 14:00:00,0.000728015257621726
2025-08-18 15:00:00,0.0017360507617564538
2025-08-18 16:00:00,0.0006438969000416107
2025-08-18 17:00:00,0.0018738222058093388
2025-08-18 18:00:00,0.0016038262534334427
2025-08-18 19:00:00,0.0027192604568957494
2025-08-18 20:00:00,0.0013772875313801968
2025-08-18 21:00:00,0.0007926675410690146
2025-08-18 22:00:00,0.0008574792051320897
2025-08-18 23:00:00,0.0024037765792936806
2025-08-19 00:00:00,0.0020455451582906525
2025-08-19 01:00:00,0.0007528066903069756
2025-08-19 02:00:00,0.0007102670152874936
2025-08-19 03:00:00,0.0022524228286478
2025-08-19 04:00:00,0.0006819075159104839
2025-08-19 05:00:00,0.0025546501482258907
2025-08-19 06:00:00,0.0022656055678912405
2025-08-19 07:00:00,0.0007033719516047494
2025-08-19 08:00:00,0.0007120942852129798
2025-08-19 09:00:00,0.002966598946252939
2025-08-19 10:00:00,0.001435676989390301
2025-08-19 11:00:00,0.0014266053676672275
2025-08-19 12:00:00,0.0025319989181437565
2025-08-19 13:00:00,0.002868121443459647
2025-08-19 14:00:00,0.002965002659557177
2025-08-19 15:00:00,0.0023834454631473543
2025-08-19 16:00:00,0.0014406489638272893
2025-08-19 17:00:00,0.0007087517917466719
2025-08-19 18:00:00,0.0024428672898185923
2025-08-19 19:00:00,0.0018960106243395127
2025-08-19 20:00:00,0.0015605550231174408
2025-08-19 21:00:00,0.00276588596273684
2025-08-19 22:00:00,0.0007779937057653784
2025-08-19 23:00:00,0.001731562760727148
2025-08-20 00:00:00,0.0005283841119185477
2025-08-20 01:00:00,0.0016716516049853157
2025-08-20 02:00:00,0.0006407581892045934
2025-08-20 03:00:00,0.0007970447906701798
2025-08-20 04:00:00,0.0007938156169427623
2025-08-20 05:00:00,0.002123025755290159
2025-08-20 06:00:00,0.0023651121981635584
2025-08-20 07:00:00,0.001958421912742899
2025-08-20 08:00:00,0.002905431371186355
2025-08-20 09:00:00,0.0014371764488092602
2025-08-20 10:00:00,0.001214280215704652
2025-08-20 11:00:00,0.002671497820473651
2025-08-20 12:00:00,0.0010589895962986318
2025-08-20 13:00:00,0.0029080563486015283
2025-08-20 14:00:00,0.0005303861867245409
2025-08-20 15:00:00,0.0029246970667690976
2025-08-20 16:00:00,0.0006078997798764403
2025-08-20 17:00:00,0.0027278577842451777
2025-08-20 18:00:00,0.0018192527727157496
2025-08-20 19:00:00,0.002982411990298251
2025-08-20 20:00:00,0.0006844914118384972
2025-08-20 21:00:00,0.001884635711003302
2025-08-20 22:00:00,0.0029232563390477473
2025-08-20 23:00:00,0.0018077446104253722
2025-08-21 00:00:00,0.0020734965953381566
2025-08-21 01:00:00,0.0022393717224615433
2025-08-21 02:00:00,0.001636352661919433
2025-08-21 03:00:00,0.0020688952002101586
2025-08-21 04:00:00,0.0019607857798077505
2025-08-21 05:00:00,0.0027528950262274724
2025-08-21 06:00:00,0.0006136159508536447
2025-08-21 07:00:00,0.0012024079739805758
2025-08-21 08:00:00,0.002876028710191397
2025-08-21 09:00:00,0.002725659459727291
2025-08-21 10:00:00,0.0016391418819642824
2025-08-21 11:00:00,0.002050331494503842
2025-08-21 12:00:00,0.0011934529574528317
2025-08-21 13:00:00,0.0009703028993094033
2025-08-21 14:00:00,0.0016592460123499553
2025-08-21 15:00:00,0.001383380570065132
2025-08-21 16:00:00,0.00195914027962718
2025-08-21 17:00:00,0.0006943365924124621
2025-08-21 18:00:00,0.0029359870191654164
2025-08-21 19:00:00,0.002965526861199007
2025-08-21 20:00:00,0.002245404285049363
2025-08-21 21:00:00,0.001840240915860301
2025-08-21 22:00:00,0.0012738190407158194
2025-08-21 23:00:00,0.002534487549267372
2025-08-22 00:00:00,0.002211827931384698
2025-08-22 01:00:00,0.0009065423483622283
2025-08-22 02:00:00,0.0027773179612346063
2025-08-22 03:00:00,0.0025563431073079225
2025-08-22 04:00:00,0.00287449978322981
2025-08-22 05:00:00,0.0023142987709709
2025-08-22 06:00:00,0.0020335379898394745
2025-08-22 07:00:00,0.0015456075907265472
2025-08-22 08:00:00,0.002831821208385033
2025-08-22 09:00:00,0.0026651597237510208
2025-08-22 10:00:00,0.0006130466752654735
2025-08-22 11:00:00,0.00056591743624313
2025-08-22 12:00:00,0.001441158417195124
2025-08-22 13:00:00,0.0025263833269545824
2025-08-22 14:00:00,0.002968190323287361
2025-08-22 15:00:00,0.0008760422277588205
2025-08-22 16:00:00,0.001985326788380338
2025-08-22 17:00:00,0.0014522271415775539
2025-08-22 18:00:00,0.002924785994536508
2025-08-22 19:00:00,0.0026052973078392718
2025-08-22 20:00:00,0.0025958217617778447
2025-08-22 21:00:00,0.0016717328994874257
2025-08-22 22:00:00,0.001537048755844163
2025-08-22 23:00:00,0.0011835176798267657
2025-08-23 00:00:00,0.0006409387416273178
2025-08-23 01:00:00,0.002661805940637633
2025-08-23 02:00:00,0.0025322525228251938
2025-08-23 03:00:00,0.0029992941832153266
2025-08-23 04:00:00,0.0029915920926847635
2025-08-23 05:00:00,0.0018885792640065686
2025-08-23 06:00:00,0.002422468537951276
2025-08-23 07:00:00,0.0028619143247060703
2025-08-23 08:00:00,0.0026241184766935288
2025-08-23 09:00:00,0.0011183702543579941
2025-08-23 10:00:00,0.0016263603382752339
2025-08-23 11:00:00,0.0008228985378787375
2025-08-23 12:00:00,0.002885127568146806
2025-08-23 13:00:00,0.0020154365861272004
2025-08-23 14:00:00,0.0010716070137586568
2025-08-23 15:00:00,0.002179251711014642
2025-08-23 16:00:00,0.0020453206011447397
2025-08-23 17:00:00,0.0013954067950821014
2025-08-23 18:00:00,0.0007838939804990726
2025-08-23 19:00:00,0.0021789329889819993
2025-08-23 20:00:00,0.0018007692522594833
2025-08-23 21:00:00,0.0024307959793390984
2025-08-23 22:00:00,0.0018004087527799834
2025-08-23 23:00:00,0.0026304537507963505
2025-08-24 00:00:00,0.001879767096936214
2025-08-24 01:00:00,0.0019023449288384658
2025-08-24 02:00:00,0.0026916340066458627
2025-08-24 03:00:00,0.0015087071655309925
2025-08-24 04:00:00,0.0008350380711266019
2025-08-24 05:00:00,0.0005719566907833474
2025-08-24 06:00:00,0.0023878431391840477
2025-08-24 07:00:00,0.0020507738783836615
2025-08-24 08:00:00,0.002260199420248059
2025-08-24 09:00:00,0.001032410403772277
2025-08-24 10:00:00,0.0008409286889669244
2025-08-24 11:00:00,0.0005363616641697049
2025-08-24 12:00:00,0.0013764688970164924
2025-08-24 13:00:00,0.001974794217136583
2025-08-24 14:00:00,0.0014806101127493307
2025-08-24 15:00:00,0.0015936873050593227
2025-08-24 16:00:00,0.0027603967362343712
2025-08-24 17:00:00,0.0013706386675582508
2025-08-24 18:00:00,0.001784973722899527
2025-08-24 19:00:00,0.002459132531852858
2025-08-24 20:00:00,0.0014913569558031754
2025-08-24 21:00:00,0.002055216750569684
2025-08-24 22:00:00,0.002655909271866863
2025-08-24 23:00:00,0.002873801559144105
2025-08-25 00:00:00,0.0008676837023225948
2025-08-25 01:00:00,0.002816469062903736
2025-08-25 02:00:00,0.0017302907326988456
2025-08-25 03:00:00,0.001145610970747396
2025-08-25 04:00:00,0.0016478393905956534
2025-08-25 05:00:00,0.0029500814382136926
2025-08-25 06:00:00,0.001731545234982174
2025-08-25 07:00:00,0.0013218790257187706
2025-08-25 08:00:00,0.0020835021357918145
2025-08-25 09:00:00,0.0011003640469454826
2025-08-25 10:00:00,0.0006896583202716598
2025-08-25 11:00:00,0.000822199304776623
2025-08-25 12:00:00,0.0008201145973944311
2025-08-25 13:00:00,0.0008797567337807359
2025-08-25 14:00:00,0.0008470679316235254
2025-08-25 15:00:00,0.002102186862008037
2025-08-25 16:00:00,0.0009547002109978621
2025-08-25 17:00:00,0.001364168208309658
2025-08-25 18:00:00,0.0027419710247650296
2025-08-25 19:00:00,0.0016849041006571808
2025-08-25 20:00:00,0.002168894346302568
2025-08-25 21:00:00,0.0009307996780040746
2025-08-25 22:00:00,0.000980722547021677
2025-08-25 23:00:00,0.0006021715406661972
2025-08-26 00:00:00,0.0009223376576804114
2025-08-26 01:00:00,0.0011964758475798967
2025-08-26 02:00:00,0.0009425262106918671
2025-08-26 03:00:00,0.0007217563343926391
2025-08-26 04:00:00,0.0008015896777515021
2025-08-26 05:00:00,0.0016519469200818144
2025-08-26 06:00:00,0.0010158342960144813
2025-08-26 07:00:00,0.0014106746526201886
2025-08-26 08:00:00,0.0017585431771371422
2025-08-26 09:00:00,0.0022259870715734134
2025-08-26 10:00:00,0.0005982803496027473
2025-08-26 11:00:00,0.0024985259972726066
2025-08-26 12:00:00,0.0020697509737272694
2025-08-26 13:00:00,0.0007043975798721798
2025-08-26 14:00:00,0.002683946560266943
2025-08-26 15:00:00,0.002802181001329533
2025-08-26 16:00:00,0.0006526948996371594
2025-08-26 17:00:00,0.0011921941203680093
2025-08-26 18:00:00,0.0025155031994826536
2025-08-26 19:00:00,0.002370649225959146
2025-08-26 20:00:00,0.0009613025483909434
2025-08-26 21:00:00,0.0010233733083417759
2025-08-26 22:00:00,0.001426180256978455
2025-08-26 23:00:00,0.0017113074629775534
2025-08-27 00:00:00,0.00204563692882574
2025-08-27 01:00:00,0.001422284098924431
2025-08-27 02:00:00,0.0016563367903328697
2025-08-27 03:00:00,0.0023686773453343913
2025-08-27 04:00:00,0.0005917080072264947
2025-08-27 05:00:00,0.001131092360860052
2025-08-27 06:00:00,0.002283373964711381
2025-08-27 07:00:00,0.0027380170942179986
2025-08-27 08:00:00,0.0017791936052891655
2025-08-27 09:00:00,0.001830283713163289
2025-08-27 10:00:00,0.0007679300283494402
2025-08-27 11:00:00,0.0016185309170586367
2025-08-27 12:00:00,0.0018315431661375579
2025-08-27 13:00:00,0.0011061762590868242
2025-08-27 14:00:00,0.0011731080773734524
2025-08-27 15:00:00,0.0014432104077615566
2025-08-27 16:00:00,0.000550177994444316
2025-08-27 17:00:00,0.0013051979139579457
2025-08-27 18:00:00,0.0010286200174913617
2025-08-27 19:00:00,0.0013187433804447866
2025-08-27 20:00:00,0.000799405329548128
2025-08-27 21:00:00,0.0027263182018497376
2025-08-27 22:00:00,0.001983981133885122
2025-08-27 23:00:00,0.002197755797861224
2025-08-28 00:00:00,0.002472928096518346
2025-08-28 01:00:00,0.0017461054973226433
2025-08-28 02:00:00,0.0007173007202185592
2025-08-28 03:00:00,0.0018427663545463695
2025-08-28 04:00:00,0.0019671027950521978
2025-08-28 05:00:00,0.002363598685460825
2025-08-28 06:00:00,0.0015791488655741985
2025-08-28 07:00:00,0.0008189507569889094
2025-08-28 08:00:00,0.0012094397644968112
2025-08-28 09:00:00,0.0014077057409965879
2025-08-28 10:00:00,0.002114793103329003
2025-08-28 11:00:00,0.0019269457616722797
2025-08-28 12:00:00,0.0013902418147446155
2025-08-28 13:00:00,0.0029662881219824494
2025-08-28 14:00:00,0.002014437048392218
2025-08-28 15:00:00,0.0010930669793399862
2025-08-28 16:00:00,0.0007544561815510094
2025-08-28 17:00:00,0.00088214784796083
2025-08-28 18:00:00,0.0011148943209612703
2025-08-28 19:00:00,0.0009017034331488892
2025-08-28 20:00:00,0.0009664175601282644
2025-08-28 21:00:00,0.0012127379217346176
2025-08-28 22:00:00,0.0009334339882368871
2025-08-28 23:00:00,0.002741913561566063
2025-08-29 00:00:00,0.0007005843641541055
2025-08-29 01:00:00,0.0018112784739256367
2025-08-29 02:00:00,0.0015259920674741538
2025-08-29 03:00:00,0.002955946542271516
2025-08-29 04:00:00,0.0007800972554201309
2025-08-29 05:00:00,0.0014946389976143541
2025-08-29 06:00:00,0.0029236760831884223
2025-08-29 07:00:00,0.0026637678147349506
2025-08-29 08:00:00,0.0025426801773731997
2025-08-29 09:00:00,0.0011447570676123495
2025-08-29 10:00:00,0.0009272189684751646
2025-08-29 11:00:00,0.0021716080498110774
2025-08-29 12:00:00,0.0028234399728189643
2025-08-29 13:00:00,0.0018919072325348245
2025-08-29 14:00:00,0.0019290317236747496
2025-08-29 15:00:00,0.0011999477341507105
2025-08-29 16:00:00,0.002423732332979842
2025-08-29 17:00:00,0.0009676093713938084
2025-08-29 18:00:00,0.0013091980910106093
2025-08-29 19:00:00,0.001563591096541042
2025-08-29 20:00:00,0.0017690259467111377
2025-08-29 21:00:00,0.0011060243310377007
2025-08-29 22:00:00,0.0007870920618480088
2025-08-29 23:00:00,0.0020265501061040815
2025-08-30 00:00:00,0.0012215763831006396
2025-08-30 01:00:00,0.0019530955535565307
2025-08-30 02:00:00,0.0008859067881855058
2025-08-30 03:00:00,0.0017028502546370438
2025-08-30 04:00:00,0.0018314735813789646
2025-08-30 05:00:00,0.0006295588420560673
2025-08-30 06:00:00,0.0013415106954848014
2025-08-30 07:00:00,0.0008360366923474356
2025-08-30 08:00:00,0.0006584374261819194
2025-08-30 09:00:00,0.002974900580974863
2025-08-30 10:00:00,0.0013058846124368074
2025-08-30 11:00:00,0.002524686114636587
2025-08-30 12:00:00,0.0011366016369094096
2025-08-30 13:00:00,0.002203756805559823
2025-08-30 14:00:00,0.0024005696497242162
2025-08-30 15:00:00,0.001989096851519611
2025-08-30 16:00:00,0.001678940471375396
2025-08-30 17:00:00,0.0015296022853681713
2025-08-30 18:00:00,0.0013721706663574883
2025-08-30 19:00:00,0.0028238228606195645
2025-08-30 20:00:00,0.0025765485194693227
2025-08-30 21:00:00,0.0029125672766662815
2025-08-30 22:00:00,0.0008107430587138618
2025-08-30 23:00:00,0.0023271686880091107
2025-08-31 00:00:00,0.0028458511420525944
2025-08-31 01:00:00,0.0009530826654141504
2025-08-31 02:00:00,0.0006662406684169438
2025-08-31 03:00:00,0.0023528016232251476
2025-08-31 04:00:00,0.0019361827829497797
2025-08-31 05:00:00,0.0026045719418956803
2025-08-31 06:00:00,0.0008494309415657238
2025-08-31 07:00:00,0.0024881682796497255
2025-08-31 08:00:00,0.0010040683001193613
2025-08-31 09:00:00,0.0009091398571642612
2025-08-31 10:00:00,0.0009106644948274824
2025-08-31 11:00:00,0.0025364368005784555
2025-08-31 12:00:00,0.0021629930517405
2025-08-31 13:00:00,0.0018076635619227984
2025-08-31 14:00:00,0.0013970762103087562
2025-08-31 15:00:00,0.0026930013520327705
2025-08-31 16:00:00,0.0014811127685565885
2025-08-31 17:00:00,0.002541498598678943
2025-08-31 18:00:00,0.001597837271425546
2025-08-31 19:00:00,0.001442361073562269
2025-08-31 20:00:00,0.001656699464174016
2025-08-31 21:00:00,0.0012534446854103553
2025-08-31 22:00:00,0.002369023450440628
2025-08-31 23:00:00,0.0017568009752311979
2025-09-01 00:00:00,0.0010805317378670433
2025-09-01 01:00:00,0.002748936433186421
2025-09-01 02:00:00,0.0014597280534330286
2025-09-01 03:00:00,0.0018588821527849716
2025-09-01 04:00:00,0.0027661802774113673
2025-09-01 05:00:00,0.0020605949897849803
2025-09-01 06:00:00,0.0007922451017709102
2025-09-01 07:00:00,0.002849580309033688
2025-09-01 08:00:00,0.0020692701326785446
2025-09-01 09:00:00,0.0013372640366427152
2025-09-01 10:00:00,0.0008481801816584682
2025-09-01 11:00:00,0.0024850629731757398
2025-09-01 12:00:00,0.002050181889821284
2025-09-01 13:00:00,0.0018336527299408038
2025-09-01 14:00:00,0.002734731457627394
2025-09-01 15:00:00,0.002471493028061327
2025-09-01 16:00:00,0.000879187199331878
2025-09-01 17:00:00,0.0012793051694888705
2025-09-01 18:00:00,0.0011212228495361643
2025-09-01 19:00:00,0.002359865731431692
2025-09-01 20:00:00,0.0005838310868394484
2025-09-01 21:00:00,0.0019247242121782913
2025-09-01 22:00:00,0.0024061467143517267
2025-09-01 23:00:00,0.0026919140919043735
2025-09-02 00:00:00,0.0013552043717897687
2025-09-02 01:00:00,0.002553143261680032
2025-09-02 02:00:00,0.000776579342388018
2025-09-02 03:00:00,0.0026161307293362957
2025-09-02 04:00:00,0.000818721655829956
2025-09-02 05:00:00,0.0014932182264009181
2025-09-02 06:00:00,0.002493238414448884
2025-09-02 07:00:00,0.0008747935683719345
2025-09-02 08:00:00,0.0010731284880816038
2025-09-02 09:00:00,0.0023056314209826657
2025-09-02 10:00:00,0.002300091341365186
2025-09-02 11:00:00,0.0021028690822132434
2025-09-02 12:00:00,0.00223487111116775
2025-09-02 13:00:00,0.0018568111083689905
2025-09-02 14:00:00,0.0011294976472673818
2025-09-02 15:00:00,0.0013642399837597986
2025-09-02 16:00:00,0.0009539942920035642
2025-09-02 17:00:00,0.002771126403334071
2025-09-02 18:00:00,0.0019584794869153014
2025-09-02 19:00:00,0.0015021285419090998
2025-09-02 20:00:00,0.0016550145091103318
2025-09-02 21:00:00,0.0028682083490295385
2025-09-02 22:00:00,0.0008833785077902005
2025-09-02 23:00:00,0.001965574580041993
2025-09-03 00:00:00,0.001764721697211165
2025-09-03 01:00:00,0.0020286355885866195
2025-09-03 02:00:00,0.0005452754595521012
2025-09-03 03:00:00,0.002680309772360379
2025-09-03 04:00:00,0.002830295706209031
2025-09-03 05:00:00,0.0019128329589730225
2025-09-03 06:00:00,0.0022416270596922307
2025-09-03 07:00:00,0.0028062484529432392
2025-09-03 08:00:00,0.0022680965857834966
2025-09-03 09:00:00,0.0008813476072856534
2025-09-03 10:00:00,0.001940720900417033
2025-09-03 11:00:00,0.00201678761595714
2025-09-03 12:00:00,0.0015603266782559652
2025-09-03 13:00:00,0.002341110589061807
2025-09-03 14:00:00,0.002835917536922537
2025-09-03 15:00:00,0.0028139212822669408
2025-09-03 16:00:00,0.0016270984285103303
2025-09-03 17:00:00,0.0007830951146018881
2025-09-03 18:00:00,0.0029621029974058366
2025-09-03 19:00:00,0.0025972452161148354
2025-09-03 20:00:00,0.0008116567030081671
2025-09-03 21:00:00,0.0028021047065434307
2025-09-03 22:00:00,0.0026747409051553206
2025-09-03 23:00:00,0.0017970951428151803
2025-09-04 00:00:00,0.0019781885893623233
2025-09-04 01:00:00,0.0014975067596753257
2025-09-04 02:00:00,0.0006369040970550784
2025-09-04 03:00:00,0.0013379931041147524
2025-09-04 04:00:00,0.0025071336214950285
2025-09-04 05:00:00,0.0005115800575115071
2025-09-04 06:00:00,0.0013337479292278606
2025-09-04 07:00:00,0.0014954217339773583
2025-09-04 08:00:00,0.0018434890073448073
2025-09-04 09:00:00,0.0027996390410319014
2025-09-04 10:00:00,0.0013658649859149032
2025-09-04 11:00:00,0.0013673830047405693
2025-09-04 12:00:00,0.002343753120274371
2025-09-04 13:00:00,0.001630544852224518
2025-09-04 14:00:00,0.0010615120573499548
2025-09-04 15:00:00,0.0016310987903317335
2025-09-04 16:00:00,0.0008521425509494997
2025-09-04 17:00:00,0.0009409674662655583
2025-09-04 18:00:00,0.0017459194318486995
2025-09-04 19:00:00,0.0015473136237613698
2025-09-04 20:00:00,0.00278711475267025
2025-09-04 21:00:00,0.0014059847477915829
2025-09-04 22:00:00,0.0019514708756951087
2025-09-04 23:00:00,0.0020806607197988262
2025-09-05 00:00:00,0.0005327361414708341
2025-09-05 01:00:00,0.0021588434300417766
2025-09-05 02:00:00,0.0009450899171743786
2025-09-05 03:00:00,0.002902675793673638
2025-09-05 04:00:00,0.0008716568193827824
2025-09-05 05:00:00,0.0015365603093175594
2025-09-05 06:00:00,0.0007133741701966096
2025-09-05 07:00:00,0.0029921856296148686
2025-09-05 08:00:00,0.0017554875258281066
2025-09-05 09:00:00,0.0019884625433001096
2025-09-05 10:00:00,0.0006676911934710687
2025-09-05 11:00:00,0.0023749011759979445
2025-09-05 12:00:00,0.0010247639827389646
2025-09-05 13:00:00,0.0027451357236017845
2025-09-05 14:00:00,0.001012849101205018
2025-09-05 15:00:00,0.0009767193016591664
2025-09-05 16:00:00,0.0005913741696202372
2025-09-05 17:00:00,0.0016801673627749982
2025-09-05 18:00:00,0.001912102833156541
2025-09-05 19:00:00,0.0006642715985708809
2025-09-05 20:00:00,0.0024388190417375267
2025-09-05 21:00:00,0.001633222086870069
2025-09-05 22:00:00,0.0018109756733189501
2025-09-05 23:00:00,0.0016019068673455703
2025-09-06 00:00:00,0.0015019076521883149
2025-09-06 01:00:00,0.0018991008282705447
2025-09-06 02:00:00,0.0008881006148267812
2025-09-06 03:00:00,0.0009548203262381779
2025-09-06 04:00:00,0.0026544640525337933
2025-09-06 05:00:00,0.002865288655334082
2025-09-06 06:00:00,0.0014332732906993824
2025-09-06 07:00:00,0.0011768616828588844
2025-09-06 08:00:00,0.0021099988580975393
2025-09-06 09:00:00,0.001521835427745241
2025-09-06 10:00:00,0.0005634658891508622
2025-09-06 11:00:00,0.000890381493415476
2025-09-06 12:00:00,0.002289930572118494
2025-09-06 13:00:00,0.0021473098547753785
2025-09-06 14:00:00,0.0005677399812587088
2025-09-06 15:00:00,0.0010549304048323737
2025-09-06 16:00:00,0.0010776869914701785
2025-09-06 17:00:00,0.002179731858996821
2025-09-06 18:00:00,0.0005492763443859104
2025-09-06 19:00:00,0.0007602714549614346
2025-09-06 20:00:00,0.0024997902134329735
2025-09-06 21:00:00,0.000946361655135834
2025-09-06 22:00:00,0.0021318652696296868
2025-09-06 23:00:00,0.0010954569526168165
2025-09-07 00:00:00,0.0007486034818983629
2025-09-07 01:00:00,0.0011079304774986353
2025-09-07 02:00:00,0.002305667329639148
2025-09-07 03:00:00,0.0026392411702657144
2025-09-07 04:00:00,0.002575549661417479
2025-09-07 05:00:00,0.001492958824046137
2025-09-07 06:00:00,0.0021702128414266154
2025-09-07 07:00:00,0.0010124607385395524
2025-09-07 08:00:00,0.0012328693256525333
2025-09-07 09:00:00,0.0027408395463027996
2025-09-07 10:00:00,0.0005325048087768401
2025-09-07 11:00:00,0.0007137713271361702
2025-09-07 12:00:00,0.0010197156378650683
2025-09-07 13:00:00,0.0005663305096845493
2025-09-07 14:00:00,0.0009535885877244933
2025-09-07 15:00:00,0.0019576039024242304
2025-09-07 16:00:00,0.001553561376481245
2025-09-07 17:00:00,0.002731679277692437
2025-09-07 18:00:00,0.0025436089043461025
2025-09-07 19:00:00,0.00135454337924469
2025-09-07 20:00:00,0.0011485585835782314
2025-09-07 21:00:00,0.0014492310204181672
2025-09-07 22:00:00,0.0019757373562870194
2025-09-07 23:00:00,0.0011701591020571906
2025-09-08 00:00:00,0.002060372269622835
2025-09-08 01:00:00,0.001523529130478101
2025-09-08 02:00:00,0.0018801179521299506
2025-09-08 03:00:00,0.0015903163228382917
2025-09-08 04:00:00,0.0012361643988547943
2025-09-08 05:00:00,0.0028711332674053918
2025-09-08 06:00:00,0.002409014485399402
2025-09-08 07:00:00,0.0008502829394161314
2025-09-08 08:00:00,0.002671169939744782
2025-09-08 09:00:00,0.0017185779956237841
2025-09-08 10:00:00,0.0027363805672352285
2025-09-08 11:00:00,0.002499638139868288
2025-09-08 12:00:00,0.0015630337611730837
2025-09-08 13:00:00,0.0005561732708002935
2025-09-08 14:00:00,0.0011716933984623652
2025-09-08 15:00:00,0.0018540855366521673
2025-09-08 16:00:00,0.002083695549565368
2025-09-08 17:00:00,0.0011447192135830057
2025-09-08 18:00:00,0.0008483901851820603
2025-09-08 19:00:00,0.002587325591998248
2025-09-08 20:00:00,0.0029610054517588804
2025-09-08 21:00:00,0.0018142254557567145
2025-09-08 22:00:00,0.0009291982146207588
2025-09-08 23:00:00,0.0011807683162984224
2025-09-09 00:00:00,0.0005459766913686668
2025-09-09 01:00:00,0.0027857470164012474
2025-09-09 02:00:00,0.0007943777072253529
2025-09-09 03:00:00,0.001941291188785634
2025-09-09 04:00:00,0.001185138051718015
2025-09-09 05:00:00,0.0018854450062894836
2025-09-09 06:00:00,0.0021285509708796604
2025-09-09 07:00:00,0.002574354509268004
2025-09-09 08:00:00,0.001016053179401508
2025-09-09 09:00:00,0.0005274895716462012
2025-09-09 10:00:00,0.0008422140751720182
2025-09-09 11:00:00,0.0027500466046202626
2025-09-09 12:00:00,0.0026847251939062884
2025-09-09 13:00:00,0.0019935327554257707
2025-09-09 14:00:00,0.0020012921510841335
2025-09-09 15:00:00,0.002162591686365639
2025-09-09 16:00:00,0.000938428196558624
2025-09-09 17:00:00,0.0027860298648123994
2025-09-09 18:00:00,0.0015469263122301828
2025-09-09 19:00:00,0.0014578463206237438
2025-09-09 20:00:00,0.001797294263207094
2025-09-09 21:00:00,0.0006174149169376376
2025-09-09 22:00:00,0.0009157084218901986
2025-09-09 23:00:00,0.002345084041065926
2025-09-10 00:00:00,0.0007069966698128162
2025-09-10 01:00:00,0.0020078802736659706
2025-09-10 02:00:00,0.0011133727742033024
2025-09-10 03:00:00,0.0014732390351049414
2025-09-10 04:00:00,0.0012217343419267499
2025-09-10 05:00:00,0.0013891817911623728
2025-09-10 06:00:00,0.002297614762960614
2025-09-10 07:00:00,0.0012428042890579374
2025-09-10 08:00:00,0.001916011600742243
2025-09-10 09:00:00,0.0016901260054977493
2025-09-10 10:00:00,0.0021591779134066203
2025-09-10 11:00:00,0.002842074348311895
2025-09-10 12:00:00,0.002331430243025626
2025-09-10 13:00:00,0.001037350946476892
2025-09-10 14:00:00,0.0005779578376532117
2025-09-10 15:00:00,0.0011556601107495627
2025-09-10 16:00:00,0.001987694826750637
2025-09-10 17:00:00,0.0006285645337106259
2025-09-10 18:00:00,0.001740915618003091
2025-09-10 19:00:00,0.001992107122292223
2025-09-10 20:00:00,0.0013356097270424022
2025-09-10 21:00:00,0.002427280509364555
2025-09-10 22:00:00,0.0007664956328344295
2025-09-10 23:00:00,0.0006878444543395219
2025-09-11 00:00:00,0.0023204718905090087
2025-09-11 01:00:00,0.0017387282905154961
2025-09-11 02:00:00,0.00222100599106934
2025-09-11 03:00:00,0.0015870683465093655
2025-09-11 04:00:00,0.0011160050830977672
2025-09-11 05:00:00,0.0025477557941854996
2025-09-11 06:00:00,0.002498539697422448
2025-09-11 07:00:00,0.0022367411771360667
2025-09-11 08:00:00,0.0011803628430749067
2025-09-11 09:00:00,0.001975576667172718
2025-09-11 10:00:00,0.001402434742350067
2025-09-11 11:00:00,0.0007289551833165854
2025-09-11 12:00:00,0.002793283938655607
2025-09-11 13:00:00,0.0008420465772974035
2025-09-11 14:00:00,0.002875593384552006
2025-09-11 15:00:00,0.0016150144323948893
2025-09-11 16:00:00,0.0009628323220965491
2025-09-11 17:00:00,0.0018547523684458954
2025-09-11 18:00:00,0.002682364589691021
2025-09-11 19:00:00,0.002330562216023903
2025-09-11 20:00:00,0.0025164028696536243
2025-09-11 21:00:00,0.0021469584167767937
2025-09-11 22:00:00,0.002230691411294631
2025-09-11 23:00:00,0.0026229891289132985
2025-09-12 00:00:00,0.0011241700221479647
2025-09-12 01:00:00,0.0017235624091078512
2025-09-12 02:00:00,0.0010530236045490056
2025-09-12 03:00:00,0.0029691700199916174
2025-09-12 04:00:00,0.002860148349216533
2025-09-12 05:00:00,0.0005985670284212647
2025-09-12 06:00:00,0.0022639379312892212
2025-09-12 07:00:00,0.0028131207935391646
2025-09-12 08:00:00,0.0009514383628183338
2025-09-12 09:00:00,0.0019198630763815738
2025-09-12 10:00:00,0.002788720743970105
2025-09-12 11:00:00,0.0005848649464644971
2025-09-12 12:00:00,0.0022435506681171
2025-09-12 13:00:00,0.0012433725184313768
2025-09-12 14:00:00,0.002810990488441326
2025-09-12 15:00:00,0.0029276456129134197
2025-09-12 16:00:00,0.002860666222783585
2025-09-12 17:00:00,0.0016855355416436596
2025-09-12 18:00:00,0.002655106627473284
2025-09-12 19:00:00,0.002611373496337676
2025-09-12 20:00:00,0.001297751183108139
2025-09-12 21:00:00,0.0025722886853766936
2025-09-12 22:00:00,0.0005925190867887316
2025-09-12 23:00:00,0.0019906746962051326
2025-09-13 00:00:00,0.0010750220932192575
2025-09-13 01:00:00,0.000801417214443197
2025-09-13 02:00:00,0.0006923830040730229
2025-09-13 03:00:00,0.0022407219396953495
2025-09-13 04:00:00,0.0013496874094201653
2025-09-13 05:00:00,0.0023119169288219037
2025-09-13 06:00:00,0.0006633908519973559
2025-09-13 07:00:00,0.001288225844576526
2025-09-13 08:00:00,0.001848728230938343
2025-09-13 09:00:00,0.002476807912097409
2025-09-13 10:00:00,0.0012968812573301747
2025-09-13 11:00:00,0.002064728441092523
2025-09-13 12:00:00,0.002714944370590468
2025-09-13 13:00:00,0.002039657970455761
2025-09-13 14:00:00,0.0010823986868840844
2025-09-13 15:00:00,0.000561001953891345
2025-09-13 16:00:00,0.002675247184752325
2025-09-13 17:00:00,0.0005531735271259679
2025-09-13 18:00:00,0.0026867541817104986
2025-09-13 19:00:00,0.00182234283506803
2025-09-13 20:00:00,0.0028476692462822404
2025-09-13 21:00:00,0.0024969580894341637
2025-09-13 22:00:00,0.0029948352763333437
2025-09-13 23:00:00,0.0013767795386292754
2025-09-14 00:00:00,0.0024179707223278175
2025-09-14 01:00:00,0.0015048272840231054
2025-09-14 02:00:00,0.0016996890507597721
2025-09-14 03:00:00,0.0020687636580459254
2025-09-14 04:00:00,0.002684192785465847
2025-09-14 05:00:00,0.002960208672998238
2025-09-14 06:00:00,0.0024206835346612956
2025-09-14 07:00:00,0.0015444169554183344
2025-09-14 08:00:00,0.0015533925056926755
2025-09-14 09:00:00,0.002343955753972229
2025-09-14 10:00:00,0.001096942864420756
2025-09-14 11:00:00,0.0007761852828284867
2025-09-14 12:00:00,0.0013865553941019414
2025-09-14 13:00:00,0.0012180974791352044
2025-09-14 14:00:00,0.0012407703011399753
2025-09-14 15:00:00,0.0010840193776247749
2025-09-14 16:00:00,0.0006052329740909048
2025-09-14 17:00:00,0.0005446848368335346
2025-09-14 18:00:00,0.002969305974340079
2025-09-14 19:00:00,0.001569432834339656
2025-09-14 20:00:00,0.0014608166178992042
2025-09-14 21:00:00,0.0021991182067326747
2025-09-14 22:00:00,0.0010456347196626603
2025-09-14 23:00:00,0.0028749029598755635
2025-09-15 00:00:00,0.00246586253603888
2025-09-15 01:00:00,0.0007235275057806488
2025-09-15 02:00:00,0.0015439519394623209
2025-09-15 03:00:00,0.002697795768905412
2025-09-15 04:00:00,0.0028618300557285256
2025-09-15 05:00:00,0.0016685037781246743
2025-09-15 06:00:00,0.0020335284730267694
2025-09-15 07:00:00,0.0009175848652301881
2025-09-15 08:00:00,0.0029779215653424414
2025-09-15 09:00:00,0.0010791792534586085
2025-09-15 10:00:00,0.0028568294353378144
2025-09-15 11:00:00,0.002124116622480921
2025-09-15 12:00:00,0.002019341987197148
2025-09-15 13:00:00,0.0017817212775412714
2025-09-15 14:00:00,0.0010766745292943966
2025-09-15 15:00:00,0.0009413200800137706
2025-09-15 16:00:00,0.0010512155226754384
2025-09-15 17:00:00,0.0009660956553606363
2025-09-15 18:00:00,0.0024489611839168834
2025-09-15 19:00:00,0.0013753131479168252
2025-09-15 20:00:00,0.0006446066914084909
2025-09-15 21:00:00,0.0029227565753520285
2025-09-15 22:00:00,0.0027094647124085644
2025-09-15 23:00:00,0.0028193807079880326
2025-09-16 00:00:00,0.002987269556616088
2025-09-16 01:00:00,0.0009347381230487182
2025-09-16 02:00:00,0.0014906050472566468
2025-09-16 03:00:00,0.0023955961892602284
2025-09-16 04:00:00,0.002240051545134481
2025-09-16 05:00:00,0.0008847397658496377
2025-09-16 06:00:00,0.0025395828124765447
2025-09-16 07:00:00,0.0010611014295916518
2025-09-16 08:00:00,0.0010595440370565578
2025-09-16 09:00:00,0.001842436057233534
2025-09-16 10:00:00,0.001982349837104258
2025-09-16 11:00:00,0.001950215519594528
2025-09-16 12:00:00,0.0007287170934943872
2025-09-16 13:00:00,0.002693652156575951
2025-09-16 14:00:00,0.001164000106471765
2025-09-16 15:00:00,0.0008237873032070105
2025-09-16 16:00:00,0.002721870199672443
2025-09-16 17:00:00,0.0028891287455743834
2025-09-16 18:00:00,0.0026553190431636265
2025-09-16 19:00:00,0.002523790186812195
2025-09-16 20:00:00,0.0021381049515975543
2025-09-16 21:00:00,0.0018771434265228482
2025-09-16 22:00:00,0.0007174668997785254
2025-09-16 23:00:00,0.0015211330326767468
2025-09-17 00:00:00,0.0014317212925307851
2025-09-17 01:00:00,0.0011493844594008154
2025-09-17 02:00:00,0.0023085502842214627
2025-09-17 03:00:00,0.001739689337696927
2025-09-17 04:00:00,0.0007026155397691199
2025-09-17 05:00:00,0.0010504580048745285
2025-09-17 06:00:00,0.00220814690914899
2025-09-17 07:00:00,0.0006903271487257505
2025-09-17 08:00:00,0.0026280172851219216
2025-09-17 09:00:00,0.0017378663175349359
2025-09-17 10:00:00,0.00170146644331662
2025-09-17 11:00:00,0.001981019461648794
2025-09-17 12:00:00,0.0025617024148128728
2025-09-17 13:00:00,0.0013695230197554825
2025-09-17 14:00:00,0.0021950403813976588
2025-09-17 15:00:00,0.0019143299099894776
2025-09-17 16:00:00,0.0011675706754235532
2025-09-17 17:00:00,0.002696574965887895
2025-09-17 18:00:00,0.0024935650540173202
2025-09-17 19:00:00,0.002146129586646064
2025-09-17 20:00:00,0.002626454322735605
2025-09-17 21:00:00,0.002668235502399506
2025-09-17 22:00:00,0.002270907441787587
2025-09-17 23:00:00,0.00259253332090918
2025-09-18 00:00:00,0.0022436786541732093
2025-09-18 01:00:00,0.0022003519294007514
2025-09-18 02:00:00,0.002046528445537961
2025-09-18 03:00:00,0.002381791598894103
2025-09-18 04:00:00,0.0008965127632326842
2025-09-18 05:00:00,0.002702176897997321
2025-09-18 06:00:00,0.00267960881936308
2025-09-18 07:00:00,0.0005731182075863979
2025-09-18 08:00:00,0.0025645418764119066
2025-09-18 09:00:00,0.000822174668683613
2025-09-18 10:00:00,0.0013377971356478549
2025-09-18 11:00:00,0.0023587706407290194
2025-09-18 12:00:00,0.0009018997401207705
2025-09-18 13:00:00,0.0025449175602976553
2025-09-18 14:00:00,0.002580335444894355
2025-09-18 15:00:00,0.0017686693344020905
2025-09-18 16:00:00,0.000515964679292084
2025-09-18 17:00:00,0.001217595332937282
2025-09-18 18:00:00,0.0020423172959393556
2025-09-18 19:00:00,0.002952965445068559
2025-09-18 20:00:00,0.0020795338175416712
2025-09-18 21:00:00,0.0011495089526603994
2025-09-18 22:00:00,0.0020850142577490283
2025-09-18 23:00:00,0.0018499634492896387
2025-09-19 00:00:00,0.002449613487877859
2025-09-19 01:00:00,0.0007674515970673961
2025-09-19 02:00:00,0.00240256975625507
2025-09-19 03:00:00,0.0018531664466902758
2025-09-19 04:00:00,0.002907480009647487
2025-09-19 05:00:00,0.0013546804150967153
2025-09-19 06:00:00,0.0020815547328348703
2025-09-19 07:00:00,0.0028300702637750435
2025-09-19 08:00:00,0.0007562743199766982
2025-09-19 09:00:00,0.002843071218091128
2025-09-19 10:00:00,0.0022197143057520333
2025-09-19 11:00:00,0.0006695926477629298
2025-09-19 12:00:00,0.0012524089173670406
2025-09-19 13:00:00,0.002270430221613204
2025-09-19 14:00:00,0.0006683765036719293
2025-09-19 15:00:00,0.001955426150440683
2025-09-19 16:00:00,0.0013647076423823918
2025-09-19 17:00:00,0.002052288794418693
2025-09-19 18:00:00,0.0006143550845312822
2025-09-19 19:00:00,0.0026788420153809407
2025-09-19 20:00:00,0.0029337224229434924
2025-09-19 21:00:00,0.0029221946382142288
2025-09-19 22:00:00,0.002374129579357312
2025-09-19 23:00:00,0.0008252156003265799
2025-09-20 00:00:00,0.002395657989822556
2025-09-20 01:00:00,0.0005614672911470038
2025-09-20 02:00:00,0.0005553088788224931
2025-09-20 03:00:00,0.0013090255478738532
2025-09-20 04:00:00,0.0017216079760116645
2025-09-20 05:00:00,0.002426018544519483
2025-09-20 06:00:00,0.002208238441516263
2025-09-20 07:00:00,0.0016147567659418709
2025-09-20 08:00:00,0.0011840666657041646
2025-09-20 09:00:00,0.002992811250394278
2025-09-20 10:00:00,0.0015654532555899323
2025-09-20 11:00:00,0.0016284675608241887
2025-09-20 12:00:00,0.0009090595529791729
2025-09-20 13:00:00,0.0024870238718748233
2025-09-20 14:00:00,0.0022342055644537216
2025-09-20 15:00:00,0.001051924031971901
2025-09-20 16:00:00,0.0007059526140396067
2025-09-20 17:00:00,0.0022012482551867826
2025-09-20 18:00:00,0.0021362780357028384
2025-09-20 19:00:00,0.0011831488174955233
2025-09-20 20:00:00,0.002877158905626026
2025-09-20 21:00:00,0.0008776447294522507
2025-09-20 22:00:00,0.0015808370026065047
2025-09-20 23:00:00,0.0028590398004189974
2025-09-21 00:00:00,0.001549318292315306
2025-09-21 01:00:00,0.002096314869160214
2025-09-21 02:00:00,0.0014939859949069858
2025-09-21 03:00:00,0.001185538005871675
2025-09-21 04:00:00,0.0029599441198995707
2025-09-21 05:00:00,0.0015233350157876076
2025-09-21 06:00:00,0.002735248009197836
2025-09-21 07:00:00,0.0010748865147277155
2025-09-21 08:00:00,0.0010327617600627082
2025-09-21 09:00:00,0.0005778352072112784
2025-09-21 10:00:00,0.0021291670634397126
2025-09-21 11:00:00,0.001421315859309403
2025-09-21 12:00:00,0.002660895624599093
2025-09-21 13:00:00,0.001683024766728893
2025-09-21 14:00:00,0.0029204835697868043
2025-09-21 15:00:00,0.0009638137892578029
2025-09-21 16:00:00,0.002671557919889027
2025-09-21 17:00:00,0.0024414921319793545
2025-09-21 18:00:00,0.00242730461161013
2025-09-21 19:00:00,0.0026119580702922193
2025-09-21 20:00:00,0.0024025599773574973
2025-09-21 21:00:00,0.0020655508040785383
2025-09-21 22:00:00,0.000828112194205969
2025-09-21 23:00:00,0.0005813154487281298
2025-09-22 00:00:00,0.0028021196195392173
2025-09-22 01:00:00,0.002041625786301845
2025-09-22 02:00:00,0.0024913432274404406
2025-09-22 03:00:00,0.0017038058787813752
2025-09-22 04:00:00,0.0007932704724059863
2025-09-22 05:00:00,0.0008129644805063761
2025-09-22 06:00:00,0.0022139132180724287
2025-09-22 07:00:00,0.0015757647372486568
2025-09-22 08:00:00,0.0010013118167508418
2025-09-22 09:00:00,0.0017289863668535923
2025-09-22 10:00:00,0.0006605223426878352
2025-09-22 11:00:00,0.0019549285047859967
2025-09-22 12:00:00,0.0011724835110877442
2025-09-22 13:00:00,0.0024938977515929703
2025-09-22 14:00:00,0.0012759048973089344
2025-09-22 15:00:00,0.001638050372704503
2025-09-22 16:00:00,0.0005290513497702516
2025-09-22 17:00:00,0.0006811172194863972
2025-09-22 18:00:00,0.001481233891016712
2025-09-22 19:00:00,0.0016998470867928088
2025-09-22 20:00:00,0.002000051370298259
2025-09-22 21:00:00,0.001229156446773258
2025-09-22 22:00:00,0.0022374547153163563
2025-09-22 23:00:00,0.0026503059929730115
2025-09-23 00:00:00,0.0024496274722333746
2025-09-23 01:00:00,0.0005990470633708929
2025-09-23 02:00:00,0.0017012673681445723
2025-09-23 03:00:00,0.0007623254460454372
2025-09-23 04:00:00,0.0011051125396563187
2025-09-23 05:00:00,0.002966656483167866
2025-09-23 06:00:00,0.0008562388572537831
2025-09-23 07:00:00,0.0017472203836283902
2025-09-23 08:00:00,0.0020453893357952977
2025-09-23 09:00:00,0.00225616242636026
2025-09-23 10:00:00,0.0018991217087172853
2025-09-23 11:00:00,0.0005244271185479592
2025-09-23 12:00:00,0.0013161532706099798
2025-09-23 13:00:00,0.0017942791084617786
2025-09-23 14:00:00,0.0007196662478620834
2025-09-23 15:00:00,0.0013765673280229519
2025-09-23 16:00:00,0.0005830077719784164
2025-09-23 17:00:00,0.0006964462428875518
2025-09-23 18:00:00,0.00149230819050399
2025-09-23 19:00:00,0.0008317893851076509
2025-09-23 20:00:00,0.0019188521206538955
2025-09-23 21:00:00,0.0022236624228431645
2025-09-23 22:00:00,0.0025014667477727074
2025-09-23 23:00:00,0.0010003756106120253
2025-09-24 00:00:00,0.0009187064556476744
2025-09-24 01:00:00,0.0007614196008360007
2025-09-24 02:00:00,0.0020910756238590915
2025-09-24 03:00:00,0.002266189316217253
2025-09-24 04:00:00,0.0005789653620641051
2025-09-24 05:00:00,0.0028405306156092246
2025-09-24 06:00:00,0.000629928209128681
2025-09-24 07:00:00,0.0018532408382526762
2025-09-24 08:00:00,0.002272651298627291
2025-09-24 09:00:00,0.0026774228093652142
2025-09-24 10:00:00,0.0022852173303310698
2025-09-24 11:00:00,0.0025043202076744796
2025-09-24 12:00:00,0.0013486254813570152
2025-09-24 13:00:00,0.0025370627843662808
2025-09-24 14:00:00,0.0007002871159616879
2025-09-24 15:00:00,0.002737041640151319
2025-09-24 16:00:00,0.0018689809403843406
2025-09-24 17:00:00,0.0025432444249062344
2025-09-24 18:00:00,0.0016307957112957504
2025-09-24 19:00:00,0.002108944237991312
2025-09-24 20:00:00,0.0018160066523402831
2025-09-24 21:00:00,0.0023289738043883296
2025-09-24 22:00:00,0.0007040749550764739
2025-09-24 23:00:00,0.0006508802099764095
2025-09-25 00:00:00,0.001117758085025366
2025-09-25 01:00:00,0.0008988617002829709
2025-09-25 02:00:00,0.0026794589164805043
2025-09-25 03:00:00,0.0010480349683951108
2025-09-25 04:00:00,0.0029396631395478285
2025-09-25 05:00:00,0.0013422394794277673
2025-09-25 06:00:00,0.0009552947892217483
2025-09-25 07:00:00,0.002474246267856198
2025-09-25 08:00:00,0.0021467694387521906
2025-09-25 09:00:00,0.0017454892911328475
2025-09-25 10:00:00,0.001888408877344078
2025-09-25 11:00:00,0.0022980044456806597
2025-09-25 12:00:00,0.001071136853328247
2025-09-25 13:00:00,0.002990834790141855
2025-09-25 14:00:00,0.002936982905366958
2025-09-25 15:00:00,0.0021258142158673424
2025-09-25 16:00:00,0.000998856127322863
2025-09-25 17:00:00,0.002200570606078228
2025-09-25 18:00:00,0.0006804960224479396
2025-09-25 19:00:00,0.0005766312555145151
2025-09-25 20:00:00,0.0011442072212780343
2025-09-25 21:00:00,0.0016565573918482907
2025-09-25 22:00:00,0.0026706812635209514
2025-09-25 23:00:00,0.00231792267441577
2025-09-26 00:00:00,0.0023567663029999525
2025-09-26 01:00:00,0.0015637333361201884
2025-09-26 02:00:00,0.0013648374813674073
2025-09-26 03:00:00,0.0014275969074615067
2025-09-26 04:00:00,0.0029691239093401446
2025-09-26 05:00:00,0.0006002729785312063
2025-09-26 06:00:00,0.0026675787403061214
2025-09-26 07:00:00,0.0019466885214309835
2025-09-26 08:00:00,0.001596538547973976
2025-09-26 09:00:00,0.0023131441510378416
2025-09-26 10:00:00,0.0017166723535617572
2025-09-26 11:00:00,0.0026835580952041514
2025-09-26 12:00:00,0.002751754660028146
2025-09-26 13:00:00,0.0015543023171836385
2025-09-26 14:00:00,0.001192069493087629
2025-09-26 15:00:00,0.0019808758214834056
2025-09-26 16:00:00,0.0027809083640417277
2025-09-26 17:00:00,0.0010266554725141665
2025-09-26 18:00:00,0.002057416458908707
2025-09-26 19:00:00,0.0020789005502313013
2025-09-26 20:00:00,0.0023327825560382027
2025-09-26 21:00:00,0.0008289192128181495
2025-09-26 22:00:00,0.0022895624117052213
2025-09-26 23:00:00,0.0027725813016641026
2025-09-27 00:00:00,0.000949207772175605
2025-09-27 01:00:00,0.0010938583123096942
2025-09-27 02:00:00,0.002928487735104099
2025-09-27 03:00:00,0.0009524423817737245
2025-09-27 04:00:00,0.002635962733423948
2025-09-27 05:00:00,0.001730694641120087
2025-09-27 06:00:00,0.0011180776860079426
2025-09-27 07:00:00,0.0026768747531812787
2025-09-27 08:00:00,0.0016132631375066638
2025-09-27 09:00:00,0.0017870433848242255
2025-09-27 10:00:00,0.0013980834234994144
2025-09-27 11:00:00,0.0019823771285873183
2025-09-27 12:00:00,0.000908809681462557
2025-09-27 13:00:00,0.0014777038416294017
2025-09-27 14:00:00,0.0029235308058382188
2025-09-27 15:00:00,0.0011453335817528188
2025-09-27 16:00:00,0.0021418416613532307
2025-09-27 17:00:00,0.0013129751605617372
2025-09-27 18:00:00,0.002433682814216502
2025-09-27 19:00:00,0.0008271841517958746
2025-09-27 20:00:00,0.002924552612696362
2025-09-27 21:00:00,0.001634473853459098
2025-09-27 22:00:00,0.0010901261583661599
2025-09-27 23:00:00,0.0006837418683250316
2025-09-28 00:00:00,0.0009243947627188519
2025-09-28 01:00:00,0.0017994348713900443
2025-09-28 02:00:00,0.0013425079410782157
2025-09-28 03:00:00,0.0025722084147065238
2025-09-28 04:00:00,0.001577218809154515
2025-09-28 05:00:00,0.0011217856814690749
2025-09-28 06:00:00,0.0020428624665100753
2025-09-28 07:00:00,0.0022669430422136145
2025-09-28 08:00:00,0.0009176047697523747
2025-09-28 09:00:00,0.0009190480407207941
2025-09-28 10:00:00,0.0005916785673338574
2025-09-28 11:00:00,0.002341005037664101
2025-09-28 12:00:00,0.0021595113190545127
2025-09-28 13:00:00,0.0016865771893745348
2025-09-28 14:00:00,0.002610426122422993
2025-09-28 15:00:00,0.002514175382375133
2025-09-28 16:00:00,0.0019633859109918807
2025-09-28 17:00:00,0.0026706782012831465
2025-09-28 18:00:00,0.0010146030250919205
2025-09-28 19:00:00,0.0007797990484943197
2025-09-28 20:00:00,0.0011743740287924742
2025-09-28 21:00:00,0.0006427171402232871
2025-09-28 22:00:00,0.0018279238200025801
2025-09-28 23:00:00,0.002841514230737404
2025-09-29 00:00:00,0.0005983588516712741
2025-09-29 01:00:00,0.000805274785025067
2025-09-29 02:00:00,0.0016304975707085883
2025-09-29 03:00:00,0.0028346875438197625
2025-09-29 04:00:00,0.0012903902624418762
2025-09-29 05:00:00,0.0017680870217209811
2025-09-29 06:00:00,0.0006039321476259803
2025-09-29 07:00:00,0.0008708580024052223
2025-09-29 08:00:00,0.0029665753073971173
2025-09-29 09:00:00,0.002912796741090114
2025-09-29 10:00:00,0.000512349952336024
2025-09-29 11:00:00,0.0028795294635580973
2025-09-29 12:00:00,0.002097799844538751
2025-09-29 13:00:00,0.002669795736300055
2025-09-29 14:00:00,0.0016368496390846477
2025-09-29 15:00:00,0.0017889900714481257
2025-09-29 16:00:00,0.0017221164506423005
2025-09-29 17:00:00,0.002167160643865261
2025-09-29 18:00:00,0.0008491281368907823
2025-09-29 19:00:00,0.0005749339746816949
2025-09-29 20:00:00,0.0012698248539779774
2025-09-29 21:00:00,0.002261701906841617
2025-09-29 22:00:00,0.001004633630307371
2025-09-29 23:00:00,0.0021835810833122932
2025-09-30 00:00:00,0.002924780115268176
2025-09-30 01:00:00,0.000734751789473546
2025-09-30 02:00:00,0.002181505295562816
2025-09-30 03:00:00,0.001609375548261428
2025-09-30 04:00:00,0.0026703556359437635
2025-09-30 05:00:00,0.0009428744736184648
2025-09-30 06:00:00,0.0022315648805654115
2025-09-30 07:00:00,0.0025952882241202756
2025-09-30 08:00:00,0.002861535548685058
2025-09-30 09:00:00,0.0022081200707241145
2025-09-30 10:00:00,0.0017429369100210683
2025-09-30 11:00:00,0.0020446181005030345
2025-09-30 12:00:00,0.0026722624611967955
2025-09-30 13:00:00,0.0019265243665970743
2025-09-30 14:00:00,0.0005759676492420922
2025-09-30 15:00:00,0.0028273717387674443
2025-09-30 16:00:00,0.0022238168775789028
2025-09-30 17:00:00,0.0021912834644431164
2025-09-30 18:00:00,0.001039187880994293
2025-09-30 19:00:00,0.002147213675581643
2025-09-30 20:00:00,0.0014846610141353962
2025-09-30 21:00:00,0.0021280824426037305
2025-09-30 22:00:00,0.0007664825757699768
2025-09-30 23:00:00,0.00214461326150759
2025-10-01 00:00:00,0.0029985343144266663
2025-10-01 01:00:00,0.0006205300971513901
2025-10-01 02:00:00,0.0029429354605532932
2025-10-01 03:00:00,0.0015172699018071766
2025-10-01 04:00:00,0.002676883625843148
2025-10-01 05:00:00,0.002455963710145684
2025-10-01 06:00:00,0.0019175406524666696
2025-10-01 07:00:00,0.0023461230231283164
2025-10-01 08:00:00,0.00269628890325337
2025-10-01 09:00:00,0.0015103508041275824
2025-10-01 10:00:00,0.0013175829039080967
2025-10-01 11:00:00,0.002168983463908962
2025-10-01 12:00:00,0.0025196148548531465
2025-10-01 13:00:00,0.0024057128369415395
2025-10-01 14:00:00,0.0024945341221465863
2025-10-01 15:00:00,0.0015889582870323325
2025-10-01 16:00:00,0.002544585540437554
2025-10-01 17:00:00,0.0008005226384265212
2025-10-01 18:00:00,0.001861222744902124
2025-10-01 19:00:00,0.000514396651245304
2025-10-01 20:00:00,0.001311464574750676
2025-10-01 21:00:00,0.0014161538371784948
2025-10-01 22:00:00,0.0014904317290231385
2025-10-01 23:00:00,0.0022386680167246556
